{
  "src\\app\\global-error.tsx": 1765487747.93044,
  "src\\app\\layout.tsx": 1776771213.591053,
  "src\\app\\page.tsx": 1776887785.914804,
  "src\\app\\(auth)\\login\\page.tsx": 1776887785.890689,
  "src\\app\\(auth)\\register\\page.tsx": 1776772434.1008785,
  "src\\app\\admin\\AdminLayoutShell.tsx": 1776888221.0549755,
  "src\\app\\admin\\layout.tsx": 1776888226.6710868,
  "src\\app\\admin\\page.tsx": 1776772434.1028662,
  "src\\app\\admin\\crons\\page.tsx": 1776407926.0667272,
  "src\\app\\admin\\emails\\page.tsx": 1776407953.8265214,
  "src\\app\\admin\\users\\page.tsx": 1776407835.736407,
  "src\\app\\admin\\users\\[id]\\page.tsx": 1776772434.1038668,
  "src\\app\\api\\admin\\crons\\route.ts": 1776407274.1624157,
  "src\\app\\api\\admin\\emails\\route.ts": 1776407267.1152072,
  "src\\app\\api\\admin\\stats\\route.ts": 1776689164.6673584,
  "src\\app\\api\\admin\\users\\route.ts": 1776874517.0584047,
  "src\\app\\api\\admin\\users\\[id]\\route.ts": 1776874517.0574045,
  "src\\app\\api\\auth\\register\\route.ts": 1776945435.080462,
  "src\\app\\api\\auth\\[...nextauth]\\route.ts": 1765529891.1624281,
  "src\\app\\api\\bookings\\route.ts": 1776934133.5014024,
  "src\\app\\api\\bookings\\[id]\\route.ts": 1776934284.5840437,
  "src\\app\\api\\catalog\\route.ts": 1776887785.895681,
  "src\\app\\api\\cron\\daily-reminders\\route.ts": 1776689164.6673584,
  "src\\app\\api\\cron\\weekly-summary\\route.ts": 1776874517.0624053,
  "src\\app\\api\\customer-systems\\route.ts": 1776945439.6218827,
  "src\\app\\api\\customer-systems\\[id]\\route.ts": 1776887785.8968303,
  "src\\app\\api\\customer-systems\\__tests__\\filter.test.ts": 1776932057.7943869,
  "src\\app\\api\\customers\\route.ts": 1776945436.5735435,
  "src\\app\\api\\customers\\[id]\\route.ts": 1776945438.1231046,
  "src\\app\\api\\customers\\[id]\\email-logs\\route.ts": 1776874517.066408,
  "src\\app\\api\\customers\\[id]\\send-reminder\\route.ts": 1776874517.0694036,
  "src\\app\\api\\dashboard\\stats\\route.ts": 1777277608.0509243,
  "src\\app\\api\\employees\\route.ts": 1776931375.3248289,
  "src\\app\\api\\employees\\[id]\\route.ts": 1776931724.9554842,
  "src\\app\\api\\employees\\__tests__\\route.test.ts": 1776932889.5287948,
  "src\\app\\api\\follow-ups\\[id]\\route.ts": 1776945416.14814,
  "src\\app\\api\\maintenances\\route.ts": 1777277608.053079,
  "src\\app\\api\\maintenances\\[id]\\route.ts": 1777277608.052052,
  "src\\app\\api\\systems\\[id]\\checklist-items\\route.ts": 1776945419.2627006,
  "src\\app\\api\\systems\\[id]\\checklist-items\\[itemId]\\route.ts": 1776945420.6150444,
  "src\\app\\api\\systems\\[id]\\follow-ups\\route.ts": 1776945441.1337645,
  "src\\app\\api\\systems\\[id]\\photos\\route.ts": 1776949967.856398,
  "src\\app\\api\\systems\\[id]\\photos\\__tests__\\route.test.ts": 1776950097.598414,
  "src\\app\\api\\upload\\photo\\route.ts": 1776874517.0826688,
  "src\\app\\api\\user\\account\\route.ts": 1776874517.0836694,
  "src\\app\\api\\user\\preferences\\route.ts": 1776320207.2137253,
  "src\\app\\api\\user\\profile\\route.ts": 1776887785.9067955,
  "src\\app\\api\\user\\send-weekly-summary\\route.ts": 1776320207.2137253,
  "src\\app\\api\\wartungen\\route.ts": 1776887785.9078052,
  "src\\app\\api\\webhooks\\cal\\route.ts": 1776933649.5198376,
  "src\\app\\api\\webhooks\\cal\\__tests__\\route.test.ts": 1776933681.5331905,
  "src\\app\\dashboard\\layout.tsx": 1776874517.0905173,
  "src\\app\\dashboard\\page.tsx": 1776935090.0568402,
  "src\\app\\dashboard\\account\\page.tsx": 1776888183.9976697,
  "src\\app\\dashboard\\customers\\page.tsx": 1776772434.1058793,
  "src\\app\\dashboard\\customers\\new\\page.tsx": 1776928044.5214517,
  "src\\app\\dashboard\\customers\\[id]\\page.tsx": 1776935124.860888,
  "src\\app\\dashboard\\customers\\[id]\\edit\\page.tsx": 1776945111.5311918,
  "src\\app\\dashboard\\employees\\page.tsx": 1776932432.8712356,
  "src\\app\\dashboard\\employees\\[id]\\page.tsx": 1776932595.5510786,
  "src\\app\\dashboard\\systems\\page.tsx": 1776932767.5874653,
  "src\\app\\dashboard\\systems\\[id]\\page.tsx": 1776950033.1042018,
  "src\\app\\dashboard\\termine\\page.tsx": 1776934969.7499459,
  "src\\app\\dashboard\\wartungen\\page.tsx": 1776944925.3020442,
  "src\\lib\\admin-auth.ts": 1776888180.2090397,
  "src\\lib\\admin-email.ts": 1776888174.4648802,
  "src\\lib\\auth-helpers.ts": 1776874517.095872,
  "src\\lib\\auth.ts": 1776887785.9158041,
  "src\\lib\\checklist-defaults.ts": 1776762140.6050408,
  "src\\lib\\constants.ts": 1776772394.4665723,
  "src\\lib\\prisma.ts": 1776855877.381606,
  "src\\lib\\rate-limit.ts": 1776947919.6798458,
  "src\\lib\\react-query.tsx": 1768308461.1551328,
  "src\\lib\\supabase.ts": 1776858261.831399,
  "src\\lib\\utils.ts": 1765531455.0536497,
  "src\\lib\\validations.ts": 1777277608.054079,
  "src\\lib\\cal-com\\client.ts": 1776933429.223666,
  "src\\lib\\cal-com\\__tests__\\client.test.ts": 1776933398.671674,
  "src\\lib\\email\\client.ts": 1776150780.4321966,
  "src\\lib\\email\\opt-in.ts": 1776150780.4321966,
  "src\\lib\\email\\service.tsx": 1776933956.539478,
  "src\\lib\\email\\templates\\BookingCancellationEmail.tsx": 1776933915.3579147,
  "src\\lib\\email\\templates\\BookingConfirmationEmail.tsx": 1776772434.1148684,
  "src\\lib\\email\\templates\\BookingRescheduleEmail.tsx": 1776933878.6978552,
  "src\\lib\\email\\templates\\ReminderEmail.tsx": 1776805645.7475388,
  "src\\lib\\email\\templates\\WeeklySummaryEmail.tsx": 1776805938.0928006,
  "src\\lib\\email\\__tests__\\opt-in.test.ts": 1776150780.4321966,
  "src\\lib\\__tests__\\admin-email.test.ts": 1776888199.4324305,
  "src\\lib\\__tests__\\checklist-defaults.test.ts": 1776762140.6030533,
  "src\\lib\\__tests__\\checklist-validation.test.ts": 1776762140.6040473,
  "src\\lib\\__tests__\\system-schemas.test.ts": 1776887785.9158041,
  "src\\hooks\\useAdmin.ts": 1776887785.9158041,
  "src\\hooks\\useBookings.ts": 1776944791.1014123,
  "src\\hooks\\useCatalog.ts": 1776689164.683045,
  "src\\hooks\\useChecklistItems.ts": 1776762140.6020381,
  "src\\hooks\\useCustomers.ts": 1776887785.9158041,
  "src\\hooks\\useCustomerSystems.ts": 1776950016.5630677,
  "src\\hooks\\useDashboard.ts": 1776932806.9971242,
  "src\\hooks\\useEmailLogs.ts": 1776887785.9158041,
  "src\\hooks\\useEmployees.ts": 1776932921.8209286,
  "src\\hooks\\useFollowUpJobs.ts": 1776945048.4989254,
  "src\\hooks\\useMaintenances.ts": 1776944778.7342076,
  "src\\hooks\\useSystemPhotos.ts": 1776949979.133677,
  "src\\hooks\\useUser.ts": 1776858505.2170186,
  "src\\hooks\\useWartungen.ts": 1776944786.4829886
}